year,total_flights,coverage,status,source,source_url,notes
1970,9448300,full_year,actual,World Bank WDI IS.AIR.DPRT / ICAO,https://data.worldbank.org/indicator/IS.AIR.DPRT,Air transport registered carrier departures worldwide; World/WLD row
1971,9504500,full_year,actual,World Bank WDI IS.AIR.DPRT / ICAO,https://data.worldbank.org/indicator/IS.AIR.DPRT,Air transport registered carrier departures worldwide; World/WLD row
1973,9764900,full_year,actual,World Bank WDI IS.AIR.DPRT / ICAO,https://data.worldbank.org/indicator/IS.AIR.DPRT,Air transport registered carrier departures worldwide; World/WLD row
1974,9254900,full_year,actual,World Bank WDI IS.AIR.DPRT / ICAO,https://data.worldbank.org/indicator/IS.AIR.DPRT,Air transport registered carrier departures worldwide; World/WLD row
1975,9244700,full_year,actual,World Bank WDI IS.AIR.DPRT / ICAO,https://data.worldbank.org/indicator/IS.AIR.DPRT,Air transport registered carrier departures worldwide; World/WLD row
1976,9562900,full_year,actual,World Bank WDI IS.AIR.DPRT / ICAO,https://data.worldbank.org/indicator/IS.AIR.DPRT,Air transport registered carrier departures worldwide; World/WLD row
1977,9915900,full_year,actual,World Bank WDI IS.AIR.DPRT / ICAO,https://data.worldbank.org/indicator/IS.AIR.DPRT,Air transport registered carrier departures worldwide; World/WLD row
1978,10183700,full_year,actual,World Bank WDI IS.AIR.DPRT / ICAO,https://data.worldbank.org/indicator/IS.AIR.DPRT,Air transport registered carrier departures worldwide; World/WLD row
1979,10653400,full_year,actual,World Bank WDI IS.AIR.DPRT / ICAO,https://data.worldbank.org/indicator/IS.AIR.DPRT,Air transport registered carrier departures worldwide; World/WLD row
1980,10704900,full_year,actual,World Bank WDI IS.AIR.DPRT / ICAO,https://data.worldbank.org/indicator/IS.AIR.DPRT,Air transport registered carrier departures worldwide; World/WLD row
1981,10270100,full_year,actual,World Bank WDI IS.AIR.DPRT / ICAO,https://data.worldbank.org/indicator/IS.AIR.DPRT,Air transport registered carrier departures worldwide; World/WLD row
1982,10335800,full_year,actual,World Bank WDI IS.AIR.DPRT / ICAO,https://data.worldbank.org/indicator/IS.AIR.DPRT,Air transport registered carrier departures worldwide; World/WLD row
1983,10758700,full_year,actual,World Bank WDI IS.AIR.DPRT / ICAO,https://data.worldbank.org/indicator/IS.AIR.DPRT,Air transport registered carrier departures worldwide; World/WLD row
1984,11404000,full_year,actual,World Bank WDI IS.AIR.DPRT / ICAO,https://data.worldbank.org/indicator/IS.AIR.DPRT,Air transport registered carrier departures worldwide; World/WLD row
1985,11897900,full_year,actual,World Bank WDI IS.AIR.DPRT / ICAO,https://data.worldbank.org/indicator/IS.AIR.DPRT,Air transport registered carrier departures worldwide; World/WLD row
1986,12677000,full_year,actual,World Bank WDI IS.AIR.DPRT / ICAO,https://data.worldbank.org/indicator/IS.AIR.DPRT,Air transport registered carrier departures worldwide; World/WLD row
1987,13244800,full_year,actual,World Bank WDI IS.AIR.DPRT / ICAO,https://data.worldbank.org/indicator/IS.AIR.DPRT,Air transport registered carrier departures worldwide; World/WLD row
1988,13880900,full_year,actual,World Bank WDI IS.AIR.DPRT / ICAO,https://data.worldbank.org/indicator/IS.AIR.DPRT,Air transport registered carrier departures worldwide; World/WLD row
1989,14021100,full_year,actual,World Bank WDI IS.AIR.DPRT / ICAO,https://data.worldbank.org/indicator/IS.AIR.DPRT,Air transport registered carrier departures worldwide; World/WLD row
1990,14583900,full_year,actual,World Bank WDI IS.AIR.DPRT / ICAO,https://data.worldbank.org/indicator/IS.AIR.DPRT,Air transport registered carrier departures worldwide; World/WLD row
1991,14360900,full_year,actual,World Bank WDI IS.AIR.DPRT / ICAO,https://data.worldbank.org/indicator/IS.AIR.DPRT,Air transport registered carrier departures worldwide; World/WLD row
1992,14918800,full_year,actual,World Bank WDI IS.AIR.DPRT / ICAO,https://data.worldbank.org/indicator/IS.AIR.DPRT,Air transport registered carrier departures worldwide; World/WLD row
1993,15986200,full_year,actual,World Bank WDI IS.AIR.DPRT / ICAO,https://data.worldbank.org/indicator/IS.AIR.DPRT,Air transport registered carrier departures worldwide; World/WLD row
1994,17218900,full_year,actual,World Bank WDI IS.AIR.DPRT / ICAO,https://data.worldbank.org/indicator/IS.AIR.DPRT,Air transport registered carrier departures worldwide; World/WLD row
1995,18008200,full_year,actual,World Bank WDI IS.AIR.DPRT / ICAO,https://data.worldbank.org/indicator/IS.AIR.DPRT,Air transport registered carrier departures worldwide; World/WLD row
1996,18953600,full_year,actual,World Bank WDI IS.AIR.DPRT / ICAO,https://data.worldbank.org/indicator/IS.AIR.DPRT,Air transport registered carrier departures worldwide; World/WLD row
1997,19546600,full_year,actual,World Bank WDI IS.AIR.DPRT / ICAO,https://data.worldbank.org/indicator/IS.AIR.DPRT,Air transport registered carrier departures worldwide; World/WLD row
1998,19653200,full_year,actual,World Bank WDI IS.AIR.DPRT / ICAO,https://data.worldbank.org/indicator/IS.AIR.DPRT,Air transport registered carrier departures worldwide; World/WLD row
1999,20736600,full_year,actual,World Bank WDI IS.AIR.DPRT / ICAO,https://data.worldbank.org/indicator/IS.AIR.DPRT,Air transport registered carrier departures worldwide; World/WLD row
2000,22008658,full_year,actual,World Bank WDI IS.AIR.DPRT / ICAO,https://data.worldbank.org/indicator/IS.AIR.DPRT,Air transport registered carrier departures worldwide; World/WLD row
2001,22264220,full_year,actual,World Bank WDI IS.AIR.DPRT / ICAO,https://data.worldbank.org/indicator/IS.AIR.DPRT,Air transport registered carrier departures worldwide; World/WLD row
2002,20817389,full_year,actual,World Bank WDI IS.AIR.DPRT / ICAO,https://data.worldbank.org/indicator/IS.AIR.DPRT,Air transport registered carrier departures worldwide; World/WLD row
2003,21282617,full_year,actual,World Bank WDI IS.AIR.DPRT / ICAO,https://data.worldbank.org/indicator/IS.AIR.DPRT,Air transport registered carrier departures worldwide; World/WLD row
2004,23752616,full_year,actual,World Bank WDI IS.AIR.DPRT / ICAO,https://data.worldbank.org/indicator/IS.AIR.DPRT,Air transport registered carrier departures worldwide; World/WLD row
2005,24215712,full_year,actual,World Bank WDI IS.AIR.DPRT / ICAO,https://data.worldbank.org/indicator/IS.AIR.DPRT,Air transport registered carrier departures worldwide; World/WLD row
2006,24829383,full_year,actual,World Bank WDI IS.AIR.DPRT / ICAO,https://data.worldbank.org/indicator/IS.AIR.DPRT,Air transport registered carrier departures worldwide; World/WLD row
2007,26016011,full_year,actual,World Bank WDI IS.AIR.DPRT / ICAO,https://data.worldbank.org/indicator/IS.AIR.DPRT,Air transport registered carrier departures worldwide; World/WLD row
2008,25498093,full_year,actual,World Bank WDI IS.AIR.DPRT / ICAO,https://data.worldbank.org/indicator/IS.AIR.DPRT,Air transport registered carrier departures worldwide; World/WLD row
2009,26122523,full_year,actual,World Bank WDI IS.AIR.DPRT / ICAO,https://data.worldbank.org/indicator/IS.AIR.DPRT,Air transport registered carrier departures worldwide; World/WLD row
2010,30222075,full_year,actual,World Bank WDI IS.AIR.DPRT / ICAO,https://data.worldbank.org/indicator/IS.AIR.DPRT,Air transport registered carrier departures worldwide; World/WLD row
2011,31203707,full_year,actual,World Bank WDI IS.AIR.DPRT / ICAO,https://data.worldbank.org/indicator/IS.AIR.DPRT,Air transport registered carrier departures worldwide; World/WLD row
2012,31434526,full_year,actual,World Bank WDI IS.AIR.DPRT / ICAO,https://data.worldbank.org/indicator/IS.AIR.DPRT,Air transport registered carrier departures worldwide; World/WLD row
2013,32160519,full_year,actual,World Bank WDI IS.AIR.DPRT / ICAO,https://data.worldbank.org/indicator/IS.AIR.DPRT,Air transport registered carrier departures worldwide; World/WLD row
2014,33026725,full_year,actual,World Bank WDI IS.AIR.DPRT / ICAO,https://data.worldbank.org/indicator/IS.AIR.DPRT,Air transport registered carrier departures worldwide; World/WLD row
2015,34030586,full_year,actual,World Bank WDI IS.AIR.DPRT / ICAO,https://data.worldbank.org/indicator/IS.AIR.DPRT,Air transport registered carrier departures worldwide; World/WLD row
2016,35337714,full_year,actual,World Bank WDI IS.AIR.DPRT / ICAO,https://data.worldbank.org/indicator/IS.AIR.DPRT,Air transport registered carrier departures worldwide; World/WLD row
2017,36299460,full_year,actual,World Bank WDI IS.AIR.DPRT / ICAO,https://data.worldbank.org/indicator/IS.AIR.DPRT,Air transport registered carrier departures worldwide; World/WLD row
2018,37405640,full_year,actual,World Bank WDI IS.AIR.DPRT / ICAO,https://data.worldbank.org/indicator/IS.AIR.DPRT,Air transport registered carrier departures worldwide; World/WLD row
2019,38082933,full_year,actual,World Bank WDI IS.AIR.DPRT / ICAO,https://data.worldbank.org/indicator/IS.AIR.DPRT,Air transport registered carrier departures worldwide; World/WLD row
2020,20098779,full_year,actual,World Bank WDI IS.AIR.DPRT / ICAO,https://data.worldbank.org/indicator/IS.AIR.DPRT,Air transport registered carrier departures worldwide; World/WLD row
2021,24054589,full_year,actual,World Bank WDI IS.AIR.DPRT / ICAO,https://data.worldbank.org/indicator/IS.AIR.DPRT,Air transport registered carrier departures worldwide; World/WLD row
2022,29289065,full_year,actual,World Bank WDI IS.AIR.DPRT / ICAO,https://data.worldbank.org/indicator/IS.AIR.DPRT,Air transport registered carrier departures worldwide; World/WLD row
2023,34764894,full_year,actual,World Bank WDI IS.AIR.DPRT / ICAO,https://data.worldbank.org/indicator/IS.AIR.DPRT,Air transport registered carrier departures worldwide; World/WLD row
2024,37300000,full_year,actual,IATA Global Outlook for Air Transport December 2025,https://www.iata.org/en/iata-repository/publications/economic-reports/global-outlook-for-air-transport-december-2025/,Aircraft departures in millions; IATA Table 2
2025,38900000,full_year,estimate,IATA Global Outlook for Air Transport December 2025,https://www.iata.org/en/iata-repository/publications/economic-reports/global-outlook-for-air-transport-december-2025/,Aircraft departures in millions; IATA Table 2 2025E
2026,16005479,2026-01-01_to_2026-05-25,ytd_estimate,IATA Global Outlook for Air Transport December 2025,https://www.iata.org/en/iata-repository/publications/economic-reports/global-outlook-for-air-transport-december-2025/,Prorated YTD estimate from 40.3M 2026F aircraft departures through day 145 of 365
